{"cameraMode":{"drawMode":0,"name":"Shaded","section":"Shading Mode"},"sceneLighting":false,"audioPlay":false,"sceneViewState":{"showFog":true,"showMaterialUpdate":true,"showSkybox":true,"showFlares":true,"showImageEffects":true,"showParticleSystems":true},"in2DMode":false,"pivot":{"x":4.588313102722168,"y":7.155764102935791,"z":-1.8359352350234986},"rotation":{"x":0.00541990390047431,"y":0.892679750919342,"z":-0.4505332410335541,"w":0.010641761124134064},"size":62.387474060058597,"orthographic":true}